Title,URL,Time,Abstrace,State
A Summer Spectacle Where Fireflies Are the Guiding Light,https://www.nytimes.com/2023/07/29/nyregion/connecticut-firefly-sanctuary.html,2023-07-29T07:00:26+0000,"Bill and Mary-Ellen McDonald host firefly viewing parties, hoping to inspire their neighbors to stop using pesticides and consider rewilding their lawns.",Connecticut
Holiday Fireworks Worsen Air Quality Nationwide,https://www.nytimes.com/2023/07/05/us/air-quality-index-fireworks-weather.html,2023-07-05T18:58:45+0000,"Seattle, New York City and Los Angeles were among the places with high air quality indexes after fireworks celebrations.",Connecticut
Reducing Pollution a Boat at a Time,https://www.nytimes.com/2006/07/30/opinion/nyregionopinions/reducing-pollution-a-boat-at-a-time.html,2006-07-30T05:00:00+0000,"Editorial praises Environmental Protection Agency for approving no-discharge zone which bans vessels from dumping treated or untreated waste in Long Island Sound from Groton to Guilford, Conn; calls for similar ban from Guilford to New York border",Connecticut
Reducing Pollution a Boat at a Time,https://www.nytimes.com/2006/07/30/opinion/nyregionopinions/ct-boatpollute.html,2006-07-30T04:00:00+0000,"If Connecticut can help reduce even small amounts of pollution in the Long Island Sound, there is no reason not to do so.",Connecticut
POLLUTION ISSUE RAISED AT AMERICAN ELECTRIC'S MEETING,https://www.nytimes.com/2003/04/24/business/company-news-pollution-issue-raised-at-american-electric-s-meeting.html,2003-04-24T05:00:00+0000,"Shareholder resolution urging American Electric Power Co to do more to disclose and reduce its emissions of global-warming gases and air pollution wins 26.9 percent of votes at company's annual shareholders meeting; resolution, filed by Connecticut pension fund and Christian Brothers Investment Services Inc, asks company to disclose how its profitability could be hurt by company's status as major emitter (S)",Connecticut
Sewage Plant Trading Program Reducing Pollution,https://www.nytimes.com/2007/11/11/nyregion/nyregionspecial2/11sewagect.html,2007-11-11T05:00:00+0000,"SINCE 2002, Connecticut has reduced the amount of nitrogen being released into the Long Island Sound by allowing its 79 sewage-treatment plants to trade pollution credits.",Connecticut
States Planning Own Lawsuits Over Pollution,https://www.nytimes.com/2003/11/09/us/states-planning-own-lawsuits-over-pollution.html,2003-11-09T05:00:00+0000,"Attorneys general of New York, New Jersey and Connecticut say they are ready to force power plants to make billions of dollars of pollution-control improvements now that Environmental Protection Agency has decided to drop investigations at old coal-fired plants, a major source of air pollution that drifts over Northeast; caution that states have far fewer resources than federal government to battle one of nation's most powerful industries and that they will have to focus their actions against fewer utilities; photos of Connecticut Atty Gen Richard Blumenthal, Democrat, and New York Atty Gen Eliot Spitzer, Democrat (L)",Connecticut
Metro Briefing | Connecticut: Norwalk: Law To Reduce Pollution,https://www.nytimes.com/2002/05/03/nyregion/metro-briefing-connecticut-norwalk-law-to-reduce-pollution.html,2002-05-03T05:00:00+0000,Connecticut Gov John G Rowland signs legislation to force six of state's power plants to reduce sulfur dioxide emissions (S),Connecticut
Metro Briefing | Connecticut: Hamden: Pollution Cleanup Ordered,https://www.nytimes.com/2001/07/12/nyregion/metro-briefing-connecticut-hamden-pollution-cleanup-ordered.html,2001-07-12T05:00:00+0000,Connecticut State Department of Environmental Protection orders town of Hamden and three other entities to clean up polluted soil in neighborhood of Hamden Middle School (S),Connecticut
Metro Briefing | Connecticut: Hartford: Record Fine For Pollution,https://www.nytimes.com/2004/04/30/nyregion/metro-briefing-connecticut-hartford-record-fine-for-pollution.html,2004-04-30T05:00:00+0000,"Tyco Printed Circuit Group is fined record $10 million for dumping lead-laced wastewater into sewer systems of Manchester, Stafford and Staffordville, Conn; $4 million of fine will go to sewer and wastewater improvement projects (S)",Connecticut
New York and 3 Other States Join Against Air Pollution,https://www.nytimes.com/2004/05/21/nyregion/new-york-and-3-other-states-join-against-air-pollution.html,2004-05-21T05:00:00+0000,"New York, New Jersey, Connecticut and Pennslyvania sue Allegheny Energy Inc, claiming that company's coal-fired electric generating plants in Pennsylvania emit pollution that drifts across state lines, worsens smog, produces acid rain and causes respiratory problems for people in metropolitan region; want company to install antipollution equipment; company says it is not in violation of pollution laws (M)",Connecticut
9 Northeast States File Suit Over New Rules on Pollution,https://www.nytimes.com/2003/01/01/us/9-northeast-states-file-suit-over-new-rules-on-pollution.html,2003-01-01T05:00:00+0000,Nine Northastern states file legal challenge to new air-pollution rules for power plants and other industries just hours after Bush administration publishes rules; say rules constitute most serious effort at rolling back landmark Clean Air Act since it was enacted more than 30 years ago; changes would allow thousands of aging coal-fired power plants and other industrial sites to upgrade without having to install costly anti-pollution devices (M),Connecticut
Metro Briefing | New York: Manhattan: 2 States Seek Pollution Controls,https://www.nytimes.com/2004/09/08/nyregion/metro-briefing-new-york-manhattan-2-states-seek-pollution-controls.html,2004-09-08T05:00:00+0000,"New York and Connecticut file lawsuit calling on Environmental Protection Agency to issue stricter national standards to limit storm water seeping from construction sites; suit asserts that other states have unfair advantage over New York and Connecticut, which have strict laws (S)",Connecticut
Eastern States Introduce a Plan to Cap Tailpipe Pollution,https://www.nytimes.com/2019/12/17/climate/tailpipe-emissions-cap-and-trade.html,2019-12-17T21:34:33+0000,Twelve states and the District of Columbia released a draft plan for an ambitious cap-and-trade program to curb planet-warming emissions on the region’s roads.,Connecticut
States Sue E.P.A. Over Delayed Soot Rules,https://green.blogs.nytimes.com/2012/02/10/states-sue-e-p-a-over-delayed-soot-rules/,2012-02-10T23:06:22+0000,Eleven states argue that drafting new rules is vital to public health. But the Obama administration faces pressure from Republican critics who say that tighter air pollution rules could hurt the economy.,Connecticut
Court Backs Most E.P.A. Action On Polluters in Central States,https://www.nytimes.com/2001/05/16/us/court-backs-most-epa-action-on-polluters-in-central-states.html,2001-05-16T05:00:00+0000,"Federal appeals court, 3-0, mostly upholds Environmental Protection Agency crackdown on nitrogen oxide emissions from 392 Midwestern and Southern factories and power plants; sends two sections of rule back to EPA for more work; Connecticut, Massachusetts, New York and Pennsylvania sought crackdown on upwind polluters (M)",Connecticut
Region's Air Doesn't Meet New Standards,https://www.nytimes.com/2004/04/16/nyregion/region-s-air-doesn-t-meet-new-standards.html,2004-04-16T05:00:00+0000,"Environmental Protection Agency finds that air in most areas of New York State and all of New Jersey and Connecticut does not meet federal air quality standards for smog; problem is caused by combination of dirty emissions from atuomobiles and factories in states themselves and contaminates floating in air from Midwest and central Canada; states must now act to reduce ground-level ozone; EPA says air is not dirtier, but standards are higher and more aggressive to make air cleaner and reduce asthma and other respiratory problems; map shows pollution in three states (M)",Connecticut
3 Northeast States Win Verdict Against a Utility,https://www.nytimes.com/2003/08/08/us/3-northeast-states-win-verdict-against-a-utility.html,2003-08-08T05:00:00+0000,"Judge Edmund A Sargus Jr rules that Ohio Edison violated Clean Air Act when it failed to install improved pollution controls at coal-burning power plant; ruling is major victory for New York, New Jersey and Connecticut, which have joined EPA in lawsuits over acid rain; nitrogen oxides and sulfur dioxides emitted by some 70 such power plants in Ohio Valley are blamed for 80 percent to 90 percent of acid rain deposits in Adirondacks (M)",Connecticut
Squaring Off on Global Warming,https://www.nytimes.com/2007/11/11/opinion/nyregionopinions/CT-climatechange.html,2007-11-11T05:00:00+0000,The state’s environmental groups and the Connecticut Business and Industry Association cannot afford to ignore each other.,Connecticut
"Our Air, Their Air: Most of It Is Bad",https://www.nytimes.com/2002/11/10/nyregion/our-air-their-air-most-of-it-is-bad.html,2002-11-10T05:00:00+0000,"Article on air pollution in Connecticut, which has been ranked among top 10 states beset by smog problems in study by US Public Interest Research Group; Attorney General Richard Blumenthal, who has filed and threatens to file lawsuits against other states and cities, notes bad air knows no boundaries; efforts by state to clean up air described; photos (M)",Connecticut
Utility to Spend $1.2 Billion to Cut Emissions,https://www.nytimes.com/2003/04/19/us/utility-to-spend-1.2-billion-to-cut-emissions.html,2003-04-19T05:00:00+0000,"Dominion Virginia Power Co, in largest settlement ever under Clean Air Act, reaches accord with Environmental Protection Agency and five states to spend $1.2 billion to install pollution-reducing technology in eight coal-burning power plants in Virgina and West Virginia by 2013; New York, New Jersey and Connecticut have long complained that emissions from plants were polluting their air; company also agrees to pay $5.3 million in federal penalties and $14 million for various states' environmental projects; new controls will curb emissions of sulfur dioxide, which causes acid rain, and nitrogen oxide, which causes smog; Admr Christie Whitman holds settlement shows Bush administration's commitment to fully enforcing environmental laws (M)",Connecticut
Many Counties Failing Fine-Particle Air Rules,https://www.nytimes.com/2004/12/18/politics/many-counties-failing-fineparticle-air-rules.html,2004-12-18T05:00:00+0000,"Environmental Protection Agency says about third of Americans live in counties that do not meet seven-year-old standards for microscopic particles of pollution that cause thousands of premature deaths every year; 20 states affected, including New York, New Jersey and Connecticut, have three years to develop plans to bring their problem counties into compliance by 2010, or face loss of federal highway money; map (M)",Connecticut
Metro Briefing | Connecticut: Hartford: Emissions Testing To Resume,https://www.nytimes.com/2004/11/12/nyregion/metro-briefing-connecticut-hartford-emissions-testing-to-resume.html,2004-11-12T05:00:00+0000,Connecticut will resume testing vehicles for emissions more than six months after program was suspended because of technical problems with tests conducted by Agbar Technologies (S),Connecticut
Metro Briefing | Connecticut: Hartford: 2 Criticized Plants Set For Sale,https://www.nytimes.com/2002/06/11/nyregion/metro-briefing-connecticut-hartford-2-criticized-plants-set-for-sale.html,2002-06-11T05:00:00+0000,Wisconsin Energy Corp says that it plans to,Connecticut
National Briefing | Washington: 3 States Plan To Sue E.P.A.,https://www.nytimes.com/2003/01/31/us/national-briefing-washington-3-states-plan-to-sue-epa.html,2003-01-31T05:00:00+0000,"Attorneys general of Connecticut, Massachusetts and Maine will sue EPA to force agency to restrict carbon dioxide as 'criteria pollutant' under terms of Clean Air Act (S)",Connecticut
Metro Briefing | Connecticut: Hartford: Rowland To Decide On Air Bill,https://www.nytimes.com/2001/06/22/nyregion/metro-briefing-connecticut-hartford-rowland-to-decide-on-air-bill.html,2001-06-22T05:00:00+0000,Connecticut Gov John G Rowland will announce whether he will sign into law or veto bill to tighten emissions standards on Connecticut's six most polluting coal- and oil-burning power plants (S),Connecticut
Metro Briefing | Connecticut: Hartford: New Firm To Test Emissions,https://www.nytimes.com/2002/04/26/nyregion/metro-briefing-connecticut-hartford-new-firm-to-test-emissions.html,2002-04-26T05:00:00+0000,"Connecticut Motor Vehicles Department will end contract with Envirotest Systems to award job to Agbar Technologies, which will bolster automotive emissions testing procedures and implement fraud prevention measures (M)",Connecticut
State Is Investigating Emissions Testing Company,https://www.nytimes.com/2004/04/18/nyregion/worth-noting-state-is-investigating-emissions-testing-company.html,2004-04-18T05:00:00+0000,"Connecticut State Sen Biagio Ciotto, co-chairman of Transportation Committee, is gathering as much information as possible before deciding fate of Connecticut's embattled emissions testing program; has held hearing in Hartford attended by numerous state agencies and Agbar Technologies, company contracted to run program; believes that fraud did occur at some of 279 dealers licensed to do emissions repairs and testing (S)",Connecticut
Metro Briefing | New York: Hauppauge: Dredging Plan Criticized,https://www.nytimes.com/2004/04/20/nyregion/metro-briefing-new-york-hauppauge-dredging-plan-criticized.html,2004-04-20T05:00:00+0000,"Environmental groups in Suffolk County, NY, will sue to stop Environmental Protection Agency plan to deposit dredging wastes from Connecticut site into Long Island Sound (S)",Connecticut
"2 States Break Rules on Smog, E.P.A. Finds",https://www.nytimes.com/2003/12/05/nyregion/2-states-break-rules-on-smog-epa-finds.html,2003-12-05T05:00:00+0000,"Environmental Protection Agency proposes designating all of New Jersey and Connecticut as being out of compliance with tougher anti-smog standards; also classifies Putnam, Orange and Dutchess counties in New York in same category with New York City, designation that could mean tougher standards there for industry, gas pumps and cars; state wanted counties placed in separate category; changes are intended to satisfy lawsuit brought by American Lung Association and environmental groups (M)",Connecticut
Emissions Testing Gets The Green Light (Again),https://www.nytimes.com/2004/10/17/nyregion/technology/worth-noting-emissions-testing-gets-the-green-light.html,2004-10-17T05:00:00+0000,"Connecticut Motor Vehicles Department will resume tests of vehicle emissions, which had been suspended on April 22 because of computer software problems, on November 12 (S)",Connecticut
"Research Lab Falsified Tests On Toxins, Reports Say",https://www.nytimes.com/2003/09/06/nyregion/research-lab-falsified-tests-on-toxins-reports-say.html,2003-09-06T05:00:00+0000,"Connecticut Atty Gen Richard Blumenthal releases report condemning procedures at University of Connecticut's Environmental Research Institute for falsifying test results for soil, water and air samples they analyzed for private, state and federal agencies; says sound scientific research and practices were abandoned for convenience (M)",Connecticut
Rowland Seeks Votes for Veto But Will Sign Emissions Bill,https://www.nytimes.com/2001/06/01/nyregion/rowland-seeks-votes-for-veto-but-will-sign-emissions-bill.html,2001-06-01T05:00:00+0000,"Connecticut legislature passes bill that would require six of state's oldest and most polluting oil- and coal-burning power plants to meet current federal emissions standard by 2005; Gov John Rowland, who initially said he would sign measure into law, derides bill as bad public policy and now may veto it (M)",Connecticut
Relief From the Roar of Traffic,https://www.nytimes.com/2007/04/22/opinion/nyregionopinions/CThighway.html,2007-04-22T04:00:00+0000,"When it comes to noise pollution, Connecticut has given the same answer for more than 15 years: it’s not a priority.",Connecticut
D.M.V. Keeping Watch Of Emissions Testing,https://www.nytimes.com/2004/03/14/nyregion/worth-noting-dmv-keeping-watch-of-emissions-testing.html,2004-03-14T05:00:00+0000,d.m.v. keeping,Connecticut
Emissions Testing Program Is Facing Extended Delay,https://www.nytimes.com/2004/07/04/nyregion/worth-noting-emissions-testing-program-is-facing-extended-delay.html,2004-07-04T05:00:00+0000,"Connecticut Department of Motor Vehicles, citing software problems of contractor Agbar Technologies, delays restart of emissions testing program until middle of August at earliest (S)",Connecticut
An Aggressive Weed Grabs Hold in Greenwich,https://www.nytimes.com/2004/10/10/nyregion/in-brief-an-aggressive-weed-grabs-hold-in-greenwich.html,2004-10-10T05:00:00+0000,"Connecticut Environmental Protection Deputy Commissioner David Leff raises concern about fast-growing Japanese weed, Polygonum perfoliatum, also known as mile-a-minute weed, that is proliferating in Greenwich (S)",Connecticut
E.P.A. Sued Over Mercury in the Air,https://www.nytimes.com/2005/03/30/nyregion/epa-sued-over-mercury-in-the-air.html,2005-03-30T05:00:00+0000,New Jersey and eight other states file lawsuit challenging Environmental Protection Agency rule that they claim does not do enough to control dangerous mercury emissions from coal-fired power plants (M),Connecticut
"Terry Backer, 61, Legislator Who Helped Clean Up Long Island Sound",https://www.nytimes.com/2015/12/19/nyregion/terry-backer-61-legislator-who-aided-estuary-cleanup.html,2015-12-19T02:32:41+0000,"Mr. Backer, a 12-term state representative in Connecticut, played a major role in largely successful efforts to clean up one of the country’s biggest estuaries.",Connecticut
"In Talks of Nitrogen Reduction, Shore Communities Take Notice",https://www.nytimes.com/2003/08/13/nyregion/in-talks-of-nitrogen-reduction-shore-communities-take-notice.html,2003-08-13T05:00:00+0000,"Communities bordering Long Island Sound have spent hundreds of millions of dollars to reduce nitrogen in waste water, and some of them question New York City's commitment to agreement to do same; nitrogen can overstimulate organic activity in water, leading to algae blooms that eat up oxygen needed by animals and fish; photo (M)",Connecticut
Another Step to Clean Up a River,https://www.nytimes.com/2005/03/27/nyregion/another-step-to-clean-up-a-river.html,2005-03-27T05:00:00+0000,"Article on latest, and at cost of between $600 million and $650 million the most expensive, project to clean up Connecticut River and its tributaries; new plan calls for construction of separate pipes for storm water and sewage at Wethersfield Cove, with any sewage overflow running to newly expanded Hartford Pollution Control Authority plant; photos (M)",Connecticut
The Winding Road Of Emissions Testing,https://www.nytimes.com/2004/09/19/nyregion/technology/in-brief-the-winding-road-of-emissions-testing.html,2004-09-19T05:00:00+0000,"Ray Garcia, lawyer for contractor Agbar Technologies, says company plans to test new software at 24 vehicle emissions testing stations in Connecticut by end of week; Federal Highway Administration has informed Gov M Jodi Rell that state could face sanctions on $240 million in funds if it does not meet clean air requirement because of lack of emissions testing (S)",Connecticut
A Plan by Eastern States to Cap Tailpipe Emissions Gets Off to a Slow Start,https://www.nytimes.com/2020/12/21/climate/cap-trade-cars-emissions.html,2020-12-21T22:02:12+0000,"Connecticut, Massachusetts, Rhode Island and Washington, D.C., all announced they would join a cap-and-trade program for cars and trucks. But many bigger states have yet to join.",Connecticut
"In Reversal, Rowland Vetoes Bill to Cut Emissions at 6 Power Plants",https://www.nytimes.com/2001/06/23/nyregion/in-reversal-rowland-vetoes-bill-to-cut-emissions-at-6-power-plants.html,2001-06-23T05:00:00+0000,"Gov John G Rowland vetoes bill that would have forced Connecticut's six oldest and least efficient power plants to cut emissions of smog-forming sulfur dioxide and end plants' ability buy federal emission credits from other, cleaner plants in Northeast; says bill, which he earlier said he would sign, would worsen state's air quality on smoggiest days and leave state open to California-style power shortages this summer; Democrats and environmentalists say veto show Rowland cares more about power-industry profits than clean air (M)",Connecticut
Emissions Tests: The Upgraded Version,https://www.nytimes.com/2004/11/28/nyregion/technology/update-emissions-tests-the-upgraded-version.html,2004-11-28T05:00:00+0000,"Update on status of Connecticut vehicle emissions testing program, whose software has been upgraded; Motor Vehicles Department spokesman Bill Seymour says no problems have been reported in first week and that number of calls to information phone line has declined; photo (M)",Connecticut
New York City and 8 States Plan to Sue Power Plants,https://www.nytimes.com/2004/07/21/us/new-york-city-and-8-states-plan-to-sue-power-plants.html,2004-07-21T05:00:00+0000,Eight states and New York City will file federal lawsuit demanding 'substantial cuts' in carbon dioxide emissions by five major utility companies that operate 174 power plants (M),Connecticut
Turn Down Those Lights!,https://www.nytimes.com/2001/06/24/nyregion/turn-down-those-lights.html,2001-06-24T05:00:00+0000,"Article on debate across Connecticut over Connecticut Light & Power's plan to upgrade street lighting in towns it serves; town officials say historic, rural character of towns will be destroyed; photos (M)",Connecticut
Utility Shareholders Demand Liability Disclosure,https://www.nytimes.com/2003/01/17/business/utility-shareholders-demand-liability-disclosure.html,2003-01-17T05:00:00+0000,"Group of shareholders that includes Connecticut's treasurer's office, State of Connecticut Plans and Trust Fund and members of New York-based Interfaith Center on Corporate Responsibility begins campaign to compel largest electric utilities in nation to publish information about liabilities they might face because of their emission of gases that contribute to global warming; coalition files resolutions to be voted upon at annual meetings later this year of American Electric Power, Southern Co, Xcel Energy Inc, TXU Corp and Cinergy Corp (M)",Connecticut
"New York, New Jersey, Connecticut",https://www.nytimes.com/2004/09/08/nyregion/new-york-new-jersey-connecticut.html,2004-09-08T05:00:00+0000,NEW YORK.,Connecticut
3 States Sue E.P.A. to Regulate Emissions of Carbon Dioxide,https://www.nytimes.com/2003/06/05/nyregion/3-states-sue-epa-to-regulate-emissions-of-carbon-dioxide.html,2003-06-05T05:00:00+0000,"Connecticut, Maine and Massachusetts sue Environmental Protection Agency, contending that carbon dioxide emissions from cars and power plants should be regulated as air pollutant because they contribute to global warming; officials say it is first time that any state has sued government to compel action on climate change (M)",Connecticut
Mayors Seek Regional Plan on Power Plant Gas Emissions,https://www.nytimes.com/2005/08/25/nyregion/mayors-seek-regional-plan-on-power-plant-gas-emissions.html,2005-08-25T05:00:00+0000,"The mayors of more than 40 cities in the Northeast have urged the governors of New York and eight other states to quickly adopt a regional plan to regulate greenhouse gases that contribute to global warming, saying in a letter yesterday that climate change ''poses significant threat to the people and communities of the Northeast.''      Officials in the nine states released a general outline of the plan, called the Regional Greenhouse Gas Initiative. While state officials have given it preliminary approval, some specifics are still unresolved, especially those involving the eventual cost to consumers. They need to be ironed out before the plan can go back to the individual states for legislative or regulatory approval, a process that could begin early next year.  ",Connecticut
The Sound's Intricate Web,https://www.nytimes.com/2006/07/09/opinion/nyregionopinions/CTlisound.html,2006-07-09T04:00:00+0000,"In the end, what is good for lobster, cordgrass, river herring and flounder is good for the entire Long Island Sound.",Connecticut
Two States Agree to Limit Dumping in the Sound,https://www.nytimes.com/2005/05/20/nyregion/two-states-agree-to-limit-dumping-in-the-sound.html,2005-05-20T05:00:00+0000,"The states of New York and Connecticut do not always see eye to eye when it comes to managing the waters they share in Long Island Sound.     But the two states, along with federal environmental officials and the United States Army Corps of Engineers, found common ground yesterday and agreed to strictly limit, and eventually eliminate, the dumping of dredged material in the Sound.   ",Connecticut
Firm Sues Connecticut Over Suspension of Auto Emissions Tests,https://www.nytimes.com/2004/04/24/nyregion/firm-sues-connecticut-over-suspension-of-auto-emissions-tests.html,2004-04-24T05:00:00+0000,"Agbar Technologies, company hired to do auto emissions testing in Connecticut, sues Connecticut for suspending testing because of flaws in program that cause false readings; says suspension is illegal and based on premature and inaccurate audit; says it will face financial hardship since workers will be laid off and need to be retrained when problem is fixed (M)",Connecticut
Don't Touch That Dial: Emissions Test in Progress,https://www.nytimes.com/2003/10/26/nyregion/update-don-t-touch-that-dial-emissions-test-in-progress.html,2003-10-26T05:00:00+0000,Sophisticated monitoring devices are being used to insure that Connecticut's new emissions testing program is fair and that techicians are held accountable; photo (M),Connecticut
Thinking Beyond Asphalt,https://www.nytimes.com/2007/06/17/opinion/nyregionopinions/CT-Trains.html,2007-06-17T04:00:00+0000,The announcement that the state Department of Transportation plans to extend regional train service to sporting events is a good sign that the department is shifting its focus to mass transit.,Connecticut
Saving the Sound,https://www.nytimes.com/2004/11/14/opinion/opinionspecial/saving-the-sound.html,2004-11-14T05:00:00+0000,"Editorial supports compromise plan developed by New York City officials, with help of environmental groups, that promises to meet goal of cutting nitrogen from sewage waste dumped into Long Island Sound by 58.5 percent at just over half original estimated cost",Connecticut
The Sound's Intricate Web,https://www.nytimes.com/2006/07/09/opinion/nyregionopinions/the-sounds-intricate-web.html,2006-07-09T05:00:00+0000,Editorial supports more stringent lobster catch limits in Long Island Sound; holds Connecticut's Congressional delegation should insist that federal government help underwrite research into 1999 die-back; sees need for cooperation between New York and Connecticut to protect Sound and coastal salt marshes that support its intricate ecosystem,Connecticut
Over Troubled Water,https://www.nytimes.com/2006/05/21/opinion/nyregion/over-troubled-water-752665.html,2006-05-21T05:00:00+0000,"Editorial views latest Long Island Sound Study, conducted by partnership among US Environmental Protection Agency and government agencies and private groups in New York and Connecticut, as encouraging but cautionary",Connecticut
Over Troubled Water,https://www.nytimes.com/2006/05/21/opinion/nyregionopinions/over-troubled-water.html,2006-05-21T05:00:00+0000,"Editorial views latest Long Island Sound Study, conducted by partnership among US Environmental Protection Agency and government agencies and private groups in New York and Connecticut, as encouraging but cautionary",Connecticut
Over Troubled Water,https://www.nytimes.com/2006/05/21/opinion/nyregion/over-troubled-water.html,2006-05-21T05:00:00+0000,"Editorial views latest Long Island Sound Study, conducted by partnership among US Environmental Protection Agency and government agencies and private groups in New York and Connecticut, as encouraging but cautionary",Connecticut
Coast Guard Investigates Oil Spill,https://www.nytimes.com/2003/02/23/nyregion/coast-guard-investigates-oil-spill.html,2003-02-23T05:00:00+0000,Coast Guard opens investigation to determine why barge carrying two million gallons of home heating oil from New York Harbor to Port Jefferson struck charted rock reef in Long Island Sound; Norwalk Harbormaster Michael Griffin says oil slick could have harmed shellfish beds and wetlands; photo (M),Connecticut
Study of Bridgeport Harbor Is Cited by Critics of L.I. Sound Dumping Plan,https://www.nytimes.com/2004/05/26/nyregion/study-of-bridgeport-harbor-is-cited-by-critics-of-li-sound-dumping-plan.html,2004-05-26T05:00:00+0000,"Sen Charles E Schumer of New York criticizes plan to dredge five Connecticut harbors and dump sludge into Long Island Sound; critics say new studies show that Bridgeport and other harbors are more polluted then earlier believed; Environmental Protection Agency says that any muck that is too contaminated will not be placed in Sound, but treated and disposed of on land; photo (M)",Connecticut
9 States in Plan to Cut Emissions by Power Plants,https://www.nytimes.com/2005/08/24/nyregion/9-states-in-plan-to-cut-emissions-by-power-plants.html,2005-08-24T05:00:00+0000,"Nine Northeastern states reportedly reach preliminary agreement to freeze power plant emissions at current levels and then reduce them by ten percent by 2020; photo; first such cooperative action follows Bush administration not to regulate greenhouse gases and would require legislation in each state; initiative would set up market-driven system to control carbon dioxide emissions from more than 600 electric generators, and could spur action nationally; California, Washington and Oregon explore similar agreement; Northeast states were brought together by New York Gov George Pataki, who broke sharply with administration on issue; spokesman declines comment on leaked draft; environmentalists say region's carbon dioxide emissions are about those of Germany, but that real significance of accord is example for other states (M)",Connecticut
"So, How's the Weather? Futuristic; From Smog to Sun, Climate Scientists Zoom In on Changes",https://www.nytimes.com/2003/12/09/nyregion/so-s-weather-futuristic-smog-sun-climate-scientists-zoom-changes.html,2003-12-09T05:00:00+0000,"New York Climate and Health Project seeks to predict effects of global warming in region by 2050; divides 31 counties around city into hundreds of grid boxes and measures multitude of data from each; will identify 'heat islands' that can trap heat, making areas hotter; is experimenting with ways to make neighborhoods cooler through belts of trees and green roofs of grass on top of buildings; seeks to assess effect of hotter climate on rich and poor; will try to determine if local action can provide some relief from global warming or if large-scale government action is needed; photo (L)",Connecticut
Connecticut Auto Emissions Inspections Found Problems That Weren't There,https://www.nytimes.com/2004/03/18/nyregion/connecticut-auto-emissions-inspections-found-problems-that-weren-t-there.html,2004-03-18T05:00:00+0000,"Agbar Technologies, contractor that manages Connecticut auto emissions tests, will reimburse as many as 13,000 car owners who paid for unnecessary repairs after their vehicles were mistakenly found to have failed inspection because of software flaw; will hire outside auditor to examine testing equipment and will arrange for outside oversight (M)",Connecticut
Touchy Subject of Tolls Is Back in Connecticut,https://www.nytimes.com/2009/07/26/nyregion/26broadsct.html,2009-07-24T23:41:16+0000,"With Connecticut unable to afford the extensive repairs needed for its roads or upgrades to its mass transit system, some state officials are pushing for tolls.",Connecticut
A Mercury Warning Is Issued,https://www.nytimes.com/2001/06/17/nyregion/a-mercury-warning-is-issued.html,2001-06-17T05:00:00+0000,Connecticut Departments of Environmental Protection and Public Health post signs around state warning anglers about high levels of mercury in fish and cautioning them to limit amount of fish they eat; photo (M),Connecticut
Housatonic River Ranked Among Most Endangered,https://www.nytimes.com/2004/04/14/nyregion/housatonic-river-ranked-among-most-endangered.html,2004-04-14T05:00:00+0000,"American Rivers, conservation group, places Housatonic River, which flows through Connecticut to Long Island Sound from Massachusetts border, seventh on its list of 10 most endangered rivers in United States; cites critical decisions that are expected to be made in coming months about cleaning up toxic PCB's downriver from old General Electric transformer factory in Pittsfield, Mass; map (M)",Connecticut
The Price We Pay for Heading South Each Morning,https://www.nytimes.com/2003/05/04/nyregion/commuter-s-journal-the-price-we-pay-for-heading-south-each-morning.html,2003-05-04T05:00:00+0000,"Jack Kadden Commuter's Journal on upcoming fare increase on Metro North commuters in Connecticut, which some experts say will increase road traffic and air pollution; drawing (M)",Connecticut
Ban on Cables in L.I. Sound Is Sent to Rowland,https://www.nytimes.com/2002/04/11/nyregion/ban-on-cables-in-li-sound-is-sent-to-rowland.html,2002-04-11T05:00:00+0000,Connecticut Senate overwhelmingly approves bill placing one-year ban on construction of power or gas lines across Long Island Sound; Gov John G Rowland has expressed reservations about signing bill (M),Connecticut
Move Again? Not This Time.,https://www.nytimes.com/2001/06/17/nyregion/move-again-not-this-time.html,2001-06-17T05:00:00+0000,Article on vow by 81-year-old homeowner Sylvester Salemme not to budge if Connecticut Department of Transportation decides to condemn his house to make way for access road for new railroad station in Orange; photo (M),Connecticut
"Squeamish or Not, Students Help a Cause",https://www.nytimes.com/2003/10/26/nyregion/squeamish-or-not-students-help-a-cause.html,2003-10-26T05:00:00+0000,"Article on Project Search, program run by Connecticut Environmental Protection Department and Science Center of Connecticut in West Hartford, in which high school students check quality of water in Connecticut rivers and streams; project's goals are to provide students with hands-on science experience and have them produce usable water quality data for local, state and federal management officials; photos (M)",Connecticut
Emissions Tests Will Resume After a Six-Month Suspension,https://www.nytimes.com/2004/10/09/nyregion/emissions-tests-will-resume-after-a-sixmonth-suspension.html,2004-10-09T05:00:00+0000,"Connecticut, six months after suspending its troubled auto emissions program, says that testing will resume on Nov 12, and that Agbar Technologies, company running program, has settled lawsuit against state; company has encountered persistent problems with false readings and allegations of fraud since taking over program in Oct 2003 (M)a",Connecticut
The Battle To Get Us To Pipe Down,https://www.nytimes.com/2002/07/21/nyregion/the-battle-to-get-us-to-pipe-down.html,2002-07-21T05:00:00+0000,"Article on noise ordinances in towns and cities throughout Connecticut, many enacted following complaints about specific noises, that are more stringent than rules adopted by State Department of Environmental Protection; state, whose law has many exceptions and exemptions, encourages municipalities to enact their own, which must be approved by DEP before taking effect; drawing; photos (L)",Connecticut
"The View From/Newtown; Over the Guardrail, The Other Side of Paradise",https://www.nytimes.com/2002/10/06/nyregion/the-view-from-newtown-over-the-guardrail-the-other-side-of-paradise.html,2002-10-06T05:00:00+0000,"Group of neighbors who live along shore of Housatonic River in Newtown, Conn, are pushing state, which says it lacks funds, to erect wooden safety barriers along Interstate 84 guardrail; say traffic noise, pollution and car and truck tires and parts that have ejected over guardrail into residential streets and yards make road unsafe; photo (M)",Connecticut
Hermaphrodite Frogs Found in Suburban Ponds,https://www.nytimes.com/2008/04/08/science/08frog.html,2008-04-08T04:00:00+0000,"Common frogs that make their homes in suburban areas are more likely than their rural counterparts to develop the reproductive abnormalities, a new study suggests.",Connecticut
Female Lobsters Won’t Get a Reprieve Just Yet,https://www.nytimes.com/2007/02/04/nyregion/nyregionspecial2/04ctmain.html,2007-02-04T05:00:00+0000,A STATE program that will pay fishermen to throw back female lobsters to help repopulate depleted stocks has been delayed indefinitely because of insurance and liability issues involving student workers.,Connecticut
Who Is Killing Long Island Sound?,https://www.nytimes.com/2006/09/03/opinion/nyregionopinions/03LIanderson.html,2006-09-03T04:00:00+0000,Connecticut turns its back on protecting our water.,Connecticut
Next Step for Rerouting Planes May Be in Court,https://www.nytimes.com/2007/08/19/nyregion/nyregionspecial2/19mainct.html,2007-08-19T04:00:00+0000,"AFTER nearly nine years of study and more than a hundred public meetings, Federal Aviation Administration officials say they are weeks away from issuing a final decision on how to reroute airline flights over the region to ease bottlenecks in the sky. Communities that fear a sharp increase in the number of flights rumbling overhead are now turning to what they say is their only chance to stave off noise pollution: the courts.",Connecticut
Who Is Killing Long Island Sound?,https://www.nytimes.com/2006/09/03/opinion/nyregion/who-is-killing-long-island-sound.html,2006-09-03T05:00:00+0000,"Op-Ed article by Tom Andersen scores Connecticut Legislature for backing off from its commitment to help clean up Long Island sound by slashing funds for sewage plant improvements; notes New York, on other hand, has become tortoise that might reach nitrogen reduction goal of 58.5 percent first; calls on Connecticut General Assembly to reach agreement with governor to restore Clean Water Fund (M)",Connecticut
Study Says U.S. Companies Lag on Global Warming,https://www.nytimes.com/2006/03/22/business/study-says-us-companies-lag-on-global-warming.html,2006-03-22T05:00:00+0000,"Report by Ceres, coalition of investors and environmentalists, says European and Asian companies are paying more attention to global warming than their American counterparts; contends chemical companies are more focused on issue than oil companies; report gives chemical industry highest overall marks, with score of 51.9 out of possible 100; DuPont, with 85 points is highest-ranking American company in any of industries; airlines, in contrast, ranked lowest, with score of 16.6; UAL received 3 points; study gives General Electric, American Electric Power and Cinergy among highest scores in their industries; says American companies are playing catch-up with international competitors like BP, Toyota, Alcan, Unilever and Rio Tinto; members of Investor Network say they will take report's conclusions seriously; Connecticut Treas Denise L Nappier, who administers $22 billion investment fund, lauds report (M)",Connecticut
Who Is Killing Long Island Sound?,https://www.nytimes.com/2006/09/03/opinion/nyregion/who-is-killing-long-island-sound-784230.html,2006-09-03T05:00:00+0000,"Op-Ed article by Tom Andersen scores Connecticut Legislature for backing off from its commitment to help clean up Long Island sound by slashing funds for sewage plant improvements; notes New York, on other hand, has become tortoise that might reach nitrogen reduction goal of 58.5 percent first; calls on Connecticut General Assembly to reach agreement with governor to restore Clean Water Fund (M)",Connecticut
"Ruth Sims, First Woman Elected to Lead Greenwich, Dies at 92",https://www.nytimes.com/2012/06/14/nyregion/ruth-sims-first-woman-elected-to-lead-greenwich-conn-dies-at-92.html,2012-06-14T02:12:53+0000,"Mrs. Sims, a Democrat in the historically Republican Connecticut town, succeeded in the 1977 race for first selectman after two recounts and a second vote.",Connecticut
Wet Weather And Water Don't Mix,https://www.nytimes.com/2003/08/17/nyregion/wet-weather-and-water-don-t-mix.html,2003-08-17T05:00:00+0000,Article on increase in closings of beaches and swimming holes in Connecticut this summer as heavy rains raise amount of effluent flowing from sewers and storm drains; photos (L),Connecticut
Who Is Killing Long Island Sound?,https://www.nytimes.com/2006/09/03/opinion/nyregionopinions/who-is-killing-long-island-sound.html,2006-09-03T05:00:00+0000,"Op-Ed article by Tom Andersen scores Connecticut Legislature for backing off from its commitment to help clean up Long Island sound by slashing funds for sewage plant improvements; notes New York, on other hand, has become tortoise that might reach nitrogen reduction goal of 58.5 percent first; calls on Connecticut General Assembly to reach agreement with governor to restore Clean Water Fund (M)",Connecticut
Here We Go Again,https://www.nytimes.com/2004/05/09/nyregion/here-we-go-again.html,2004-05-09T05:00:00+0000,"Article on controversy over auto emissions testing at service stations across Connecticut; stations, which invested thousands of dollars in equipment, turned over part of their stations to Agbar Technologies of Chicago, which runs program, and hired more people to conduct tests, have laid off some workers after state suspended testing on April 22; photos (M)",Connecticut
An Overhaul For Emissions Testing,https://www.nytimes.com/2002/06/09/nyregion/an-overhaul-for-emissions-testing.html,2002-06-09T05:00:00+0000,"Article on concerns raised as Connecticut, embarking on first major overhaul of its car emissions tests in nearly 20 years, completes contract negotiations with Agbar Technologies of Chicago; state plans to eliminate 25 centralized testing centers and allow tests at more than 300 service stations and car dealerships; photos (M)",Connecticut
Sitting Idle: Empty Bays and Lost Profits,https://www.nytimes.com/2004/08/01/nyregion/sitting-idle-empty-bays-and-lost-profits.html,2004-08-01T05:00:00+0000,Suspension by Connecticut Department of Motor Vehicles of Agbar Technologies contract to test auto emissions is having adverse impact on owners of service stations who converted bays and installed testing equipment; service station owners and managers say they have lost the cost of their investments as well as money from customers seeking testing and repair work; photos (M),Connecticut
"Branzino, a Mediterranean Fish, Is Being Farmed in Connecticut",https://www.nytimes.com/2018/11/20/dining/branzino-fish-farming-connecticut.html,2018-11-20T16:32:33+0000,"Ideal Fish is banking on technology to provide a fresher, more sustainable source of the popular fish.",Connecticut
Celebrating A River's Artful Revival,https://www.nytimes.com/2004/06/25/travel/day-trips-celebrating-a-river-s-artful-revival.html,2004-06-25T05:00:00+0000,"Article on day trips to events this summer celebrating revival of upper Housatonic River between Pittsfield, Mass, and New Milford, Conn; photo (M)",Connecticut
An Accidental Canadian Finds Her Environmental Footing,https://www.nytimes.com/2006/10/14/world/americas/an-accidental-canadian-finds-her-environmental-footing.html,2006-10-14T05:00:00+0000,"Elizabeth May is one of Canada's most prominent environmentalists; she founded Sierra Club of Canada in 1989, and has emerged as leader of Green Party of Canada; May was born in Connecticut to affluent parents; her mother, Stephanie May, was founder of Committee for Sane Nuclear Policy; most surprising factor in Elizabeth May's ascent is that she has overcome misgivings about her American upbringing, though she did become Canadian citizen; photo (M)",Connecticut
Warm Water Killed the Lobsters,https://www.nytimes.com/2004/10/10/nyregion/warm-water-killed-the-lobsters.html,2004-10-10T05:00:00+0000,"Researchers, in series of reports delivered at symposium at Stony Brook University, conclude that combination of sustained high water temperatures, low levels of dissolved oxygen and toxic impact of ammonia and sulfides was cause of major lobster die-off in western Long Island Sound between September 19 and 22, 1999; die-off essentially wiped out $100 million lobster industry, idling hundreds of New York and Connecticut lobstermen; some researchers view die-off as ominous, if still tentative, sign of global warming while others are less certain about whether and to what degree pesticides contributed; photos (M)",Connecticut
The Twists And Turns Of Pedaling To the Job,https://www.nytimes.com/2001/01/21/nyregion/the-twists-and-turns-of-pedaling-to-the-job.html,2001-01-21T05:00:00+0000,Melinda Tuhus article describes advantages of commuting in Connecticut by bike between her home and office (M),Connecticut
The Beetle That Ate the Region,https://www.nytimes.com/2007/06/24/opinion/nyregionopinions/24CTtepper.html,2007-06-24T04:00:00+0000,How to stop those invasive species that kill all the trees.,Connecticut
Congress Puts Authorization Of L. I. Cable In Energy Bill,https://www.nytimes.com/2003/11/18/nyregion/congress-puts-authorization-of-l-i-cable-in-energy-bill.html,2003-11-18T05:00:00+0000,"Congress will vote on national energy bill, which, if passed, will include small provision ceding 24-mile electric cable crossing under Long Island Sound to New York, not Connecticut; Connecticut officials say cable, which has been channeling electricity to Long Island Power Authority since 2003 blackout, violates state environmental rules (M)",Connecticut
"At Some Superfund Sites, Toxic Legacies Linger",https://www.nytimes.com/2008/01/20/nyregion/nyregionspecial2/20Rsuperfund.html,2008-01-20T05:00:00+0000,The cleanup of toxic sites in the region is not easy and frustrations often are expressed.,Connecticut
Spinning Wheels On New Emissions Tests,https://www.nytimes.com/2003/09/07/nyregion/spinning-wheels-on-new-emissions-tests.html,2003-09-07T05:00:00+0000,"Article on confusion among public over Connecticut's new automobile emissions program, which begins on September 19; cars 25 years or older will not require testing and models ranging from 1996 to 2000 may face alternate test; photos (M)",Connecticut
Affordable Housing Fight Will Not Let Up,https://www.nytimes.com/2001/08/05/nyregion/affordable-housing-fight-will-not-let-up.html,2001-08-05T05:00:00+0000,"Article on battle over affordable housing mandated in 1989 by Connecticut General Assembly; town officials say developments put undue strain on town services, are too dense, worsen traffic and pollution problems and add too many students to beleaguered schools; proponents say affordable housing is needed now more than ever; photos (M)",Connecticut
Harvesting Homegrown Art,https://www.nytimes.com/2010/09/19/nyregion/19artct.html,2010-09-18T00:56:22+0000,The Aldrich Contemporary Art Museum in Connecticut is celebrating the work of local artists with a show indoors and outdoors.,Connecticut
Wild Bullets in Vicinity of Range Catch Government Attention,https://www.nytimes.com/2009/02/08/nyregion/connecticut/08rangect.html,2009-02-05T19:12:38+0000,"Several gun ranges across Connecticut are being challenged by neighbors who charge safety, noise or other violations.",Connecticut
Plan to Move Family Y Is Drawing Opposition,https://www.nytimes.com/2007/03/25/nyregion/nyregionspecial2/25CTmain.html,2007-03-25T04:00:00+0000,"The Y.M.C.A. considers itself the heart of the community, but a plan to relocate the Westport branch is giving some in town heartburn.",Connecticut
"New York, New Jersey and Connecticut",https://www.nytimes.com/2005/09/08/nyregion/new-york-new-jersey-and-connecticut.html,2005-09-08T05:00:00+0000,NEW YORK.,Connecticut
Revising the Contracting Process in Connecticut Is Proving to Be Elusive,https://www.nytimes.com/2004/03/18/nyregion/revising-the-contracting-process-in-connecticut-is-proving-to-be-elusive.html,2004-03-18T05:00:00+0000,"Policy changes in Connecticut intended to reduce political influence in awarding of state contracts were put into place two months ago, but officials are finding problems easier to define than resolve; Atty Gen Richard Blumenthal is requiring state officials and contractors to sign affidavit disclosing gifts over past ten years; one company has given up contract rather than submit information; disclosure does not necessarily disqualify contractors but does require review of proposal for potential impropriety and could alert federal investigators of possible criminal wrongdoing; state officials say more companies are applying for state work, which Blumenthal believes is move away from 'insider bidding club'; lawmakers, preparing to codify policy, face questions about its practicality and effectiveness (M)",Connecticut
"In Connecticut’s G.O.P., a Vanquished Rival Lingers On",https://www.nytimes.com/2010/06/14/nyregion/14towns.html,2010-06-13T23:28:36+0000,"Some Republicans are questioning the endorsement of Linda E. McMahon, the wrestling impresario, for the Senate over Rob Simmons at the party convention.",Connecticut
Connecticut Lobstermen Hope for a Reprieve,https://www.nytimes.com/2008/06/01/nyregion/nyregionspecial2/01lobsterct.html,2008-06-01T04:00:00+0000,Long Island Sound’s ailing lobster industry won’t be getting any help this year from Connecticut’s state legislature.,Connecticut
"A Run for Governor, Rough Edges Included",https://www.nytimes.com/2008/02/17/nyregion/nyregionspecial2/17amannct.html,2008-02-17T05:00:00+0000,HARTFORD.,Connecticut
"In Local Waters, an Oyster Resurgence",https://www.nytimes.com/2007/11/04/nyregion/nyregionspecial2/04oysterct.html,2007-11-04T04:00:00+0000,"Two years after a failed effort to declare it an endangered species, the Eastern oyster is making a big comeback.",Connecticut
"Cremate Dead Horses? Why Not, Some Say",https://www.nytimes.com/2007/07/15/nyregion/nyregionspecial2/15mainct.html,2007-07-15T04:00:00+0000,"Two friends see a horse crematorium as a solution endorsed by many horse owners, veterinarians, state officials and others as environmentally sound and dignified.",Connecticut
Trying to Get There From Here,https://www.nytimes.com/2006/08/06/opinion/nyregionopinions/trying-to-get-there-from-here.html,2006-08-06T05:00:00+0000,Editorial welcomes Conn Gov M Jodi Rell's appointments to State Department of Transportation but maintains her work is not done; offers suggestions to ease congestion while I-95 around New Haven is improved and new bridge over Quinnipiac River is built,Connecticut
Trying to Get There From Here,https://www.nytimes.com/2006/08/06/opinion/nyregionopinions/CT-bridge.html,2006-08-06T04:00:00+0000,"Gov. M. Jodi Rell’s appointments to the State Department of Transportation’s top three leadership positions gave Connecticut commuters a fleeting, yet alien feeling: hope.",Connecticut
"Commuting by Road, but Not by Car",https://www.nytimes.com/2008/01/06/nyregion/nyregionspecial2/06Rbuses.html,2008-01-06T05:00:00+0000,Bus systems are attracting new riders as $3-a-gallon gas prices remain common around the region and mass-transit advocates urge commuters to leave their cars at home. ,Connecticut
Taking Time Out to Search for a Coastal Area’s Past,https://www.nytimes.com/2007/04/01/nyregion/nyregionspecial2/01ctmain.html,2007-04-01T04:00:00+0000,Madison.,Connecticut
Renowned From Trunk to Treetop,https://www.nytimes.com/2001/12/09/nyregion/renowned-from-trunk-to-treetop.html,2001-12-09T05:00:00+0000,"Article on what makes some trees in Connecticut notable; focuses on Stamford Tree Foundation's recent Notable Tree Contest, which asked young children to help find notable undiscovered trees; experts comment on caring for trees and tree lifespans; photos; list (M)",Connecticut
Using Factory Sites for Other Purposes,https://www.nytimes.com/2005/12/04/realestate/using-factory-sites-for-other-purposes.html,2005-12-04T05:00:00+0000,Stonington is pushing aside zoning rules that reserve the sites for manufacturing purposes and inviting developers to dream up new uses for the properties.,Connecticut
THE VIEW/From The Quiet Corner; One Town's Rejection Is Another's 'Let's Do Business',https://www.nytimes.com/2003/06/15/nyregion/view-quiet-corner-one-town-s-rejection-another-s-let-s-business.html,2003-06-15T05:00:00+0000,"Article on rejection by conservation commission in Killingly, Conn, of zoning change that would have allowed construction of Wal-Mart distribution center; also focuses on efforts by nearby towns to persuade Wal-Mart to build there; photos (M)",Connecticut
Residue From Industrial Past Haunts State,https://www.nytimes.com/2001/06/24/nyregion/residue-from-industrial-past-haunts-state.html,2001-06-24T05:00:00+0000,"Assessment and cleanup of radium paint dropped onto floors and walls of several old clock factory buildings in Connecticut gets underway; health officials say worst problem is at former Waterbury Clock Co factory in Waterbury, part of which has been converted to apartments; photos (M)",Connecticut
Open Space: Preserving It Takes a Village,https://www.nytimes.com/2006/02/12/nyregion/nyregionspecial2/open-space-preserving-it-takes-a-village.html,2006-02-12T05:00:00+0000,"FROM the banks of the Fenton River in Mansfield, a leaf-cushioned landscape rises first gently, then steeply past granite boulders, birch and maple trees, footpaths and the remnants of sheds and stonewalls to a 1,000-foot-long ledge. Hikers who reach the top are rewarded with views of Mansfield Hollow Lake and the Town of Scotland's rolling hills about 10 miles away.     In 1927, when Mansfield's landscape of fields was beginning to sprout trees as the number of farms declined, schoolchildren in a contest picked this spot as one of the places in town they would most like to see preserved.  ",Connecticut
'Lap of Luxury' in Downtown Stamford,https://www.nytimes.com/2006/01/15/realestate/lap-of-luxury-in-downtown-stamford.html,2006-01-15T05:00:00+0000,"BRIAN JANUSH is only 30, but he is already reaching for the pinnacle of luxury city living. A cellphone store owner who got his start selling phones at flea markets at the age of 15, Mr. Janush thought he was living ''the dream'' during the years he rented a downtown apartment at the Classic.     Two years ago, he stepped up the extravagance with the purchase of a penthouse condominium overlooking Stamford Harbor. ''I'm single, no children, so I kind of spoil myself,'' Mr. Janush said.  ",Connecticut
Is This Why Gregory Peck Was So Cool?,https://www.nytimes.com/2001/07/08/nyregion/is-this-why-gregory-peck-was-so-cool.html,2001-07-08T05:00:00+0000,"Article on Italian Vespa motor scooters, made famous by Gregory Peck and Audrey Hepburn in movie Roman Holiday, that are beginning to appear, after 15-year absence, as chic and practical mode of transportation in Connecticut; photos (M)",Connecticut
Several States Likely to Follow California on Car Emissions,https://www.nytimes.com/2004/06/11/business/several-states-likely-to-follow-california-on-car-emissions.html,2004-06-11T05:00:00+0000,"California's plan for sharp cuts in automotive emissions of global warming gases could eventually lead much of coastal US to turn to vehicles that are substantially cleaner, and by extension more fuel efficient, than those in rest of nation; New Jersey, Rhode Island and Connecticut have said they intend to start following California's car rules instead of those of federal government; New York, Massachusetts, Vermont and Maine already do so; photo (M)",Connecticut
Conservationists Are Divided on Cross-Sound Gas Pipeline,https://www.nytimes.com/2001/06/10/nyregion/conservationists-are-divided-on-cross-sound-gas-pipeline.html,2001-06-10T05:00:00+0000,"Conservationist groups in Connecticut contend planned natural gas pipeline across Long Island Sound will destroy oyster and lobster habitats and fish breeding areas and endanger delicate wetlands; some Long Island conservation groups support plan, citing need for new power plants as demand for electricity continues to grow; map (M)",Connecticut
A Mill Town Writes Its Next Chapter,https://www.nytimes.com/2005/01/30/realestate/a-mill-town-writes-its-next-chapter.html,2005-01-30T05:00:00+0000,"Living In article on Georgetown, Conn; table of geographic data; map; photos (M)",Connecticut
"Connecticut Faces Fight for Senate, Inside G.O.P.",https://www.nytimes.com/2012/05/17/nyregion/for-republicans-in-connecticut-hope-and-dread-as-2-fight-for-senate.html,2012-05-16T14:34:25+0000,A fierce contest between Linda E. McMahon and Christopher Shays for the Republican nomination could damage the winner.,Connecticut
A State Secret: Starry Nights,https://www.nytimes.com/2003/07/06/nyregion/a-state-secret-starry-nights.html,2003-07-06T05:00:00+0000,"Article on area of northeastern Connecticut which, because of its rare darkness along US's densely populated Northeast coast, has become beacon for amateur astronomers; one of most popular star-viewing areas is James L Goodwin Conservation Center in Goodwin State Forest in Hampton; photos (M)",Connecticut
Warehouses Transform N.Y.C. Neighborhoods as E-Commerce Booms,https://www.nytimes.com/2022/03/16/nyregion/ecommerce-warehouses-nyc.html,2022-03-16T09:00:25+0000,"The region is home to the largest concentration of online shoppers in the country. The facilities, key to delivering packages on time, are reshaping neighborhoods.",Connecticut
What the Infrastructure Bill Means for the New York Region,https://www.nytimes.com/2021/11/15/nyregion/infrastructure-bill-new-york.html,2021-11-15T08:00:14+0000,"The bill, which President Biden is expected to sign Monday, is likely to fund road and bridge repairs, water infrastructure upgrades and airport expansions.",Connecticut
The Little Town That High Prices Forgot,https://www.nytimes.com/2006/08/06/realestate/the-little-town-that-high-prices-forgot.html,2006-08-06T05:00:00+0000,"WELCOME to Derby, a small town at the confluence of the Housatonic and Naugatuck Rivers, where a dozen decrepit downtown buildings are about to be demolished.      It has been a century since Derby's industrial manufacturing heyday, town officials point out. High time, then, that the crumbled brick structures and abandoned factories are cleared out. If necessary, the town can invoke eminent domain to achieve that goal. Its plans call for as many as 700 rental apartments and condominiums, as well as 100,000 square feet of stores, restaurants and offices, and an underground parking garage topped by a park.  ",Connecticut
The Little Town That High Prices Forgot,https://www.nytimes.com/2006/08/06/realestate/06living.html,2006-08-06T04:00:00+0000,"Welcome to Derby, a small town at the confluence of the Housatonic and Naugatuck Rivers, where a dozen decrepit downtown buildings are about to be demolished.",Connecticut
Redrawing the Electric Power Grid,https://www.nytimes.com/2003/06/24/business/technology-redrawing-the-electric-power-grid.html,2003-06-24T05:00:00+0000,"Central issue in power industry and among alternative power advocates is how best to eliminate bottlenecks in transmission grid: by building more long-distance transmission lines or by generating more power in small quantities close to where it is needed; aging transmission grid prevents much of power from flowing easily into areas where it is most needed during summer consumption spikes; traditional solution--to build more and bigger transmission lines--has few fans outside industry; many utility executives and regulators believe building more long-distance transmission lines and finding alternatives to long-distance transmission are both necessary; United Technologies is developing fuel cells and wants to adapt them to use with other local forms of power generation; chairman-chief executive George David comments; how Connecticut Valley Electric Exchange, or Convex, tracks movement of power in Connecticut and western Massachusetts discussed; photos (M)",Connecticut
"As Far as the Eye Can Climb, Towering Spots With History",https://www.nytimes.com/2003/06/01/nyregion/as-far-as-the-eye-can-climb-towering-spots-with-history.html,2003-06-01T05:00:00+0000,"Article on castles and stone towers that offer views from high points in Connecticut, including Battell Stoeckel Tower in Norfolk and Castle Craig in Meriden; photos (L)",Connecticut
A Fall Feast From the Palette,https://www.nytimes.com/2006/09/02/nyregion/nyregionspecial2/03Rmuse.html,2006-09-02T04:00:00+0000,"Foliage is a popular excuse for an autumn outing, but artwork may run a close second. This is the time of year when museums throughout the region roll out their best stuff.",Connecticut
Where To Gaze At the Stars All Over The State,https://www.nytimes.com/2001/10/07/nyregion/where-to-gaze-at-the-stars-all-over-the-state.html,2001-10-07T05:00:00+0000,Article on astronomical societies and clubs that meet at observatories and museums across Connecticut; photos (L) (Special Issue: After 5),Connecticut
"On Back Roads, It's Stop, Chat and, Oh Yeah, Fill 'Er Up",https://www.nytimes.com/2001/06/03/nyregion/on-back-roads-it-s-stop-chat-and-oh-yeah-fill-er-up.html,2001-06-03T05:00:00+0000,"Article on family-owned gas stations scattered through Connecticut's rural back roads that also serve as repair shops, country stores, antique shops and local gathering places; photos (Special Issue: Summer in Connecticut) (L)",Connecticut
Forests in Peril,https://www.nytimes.com/2007/10/07/nyregion/nyregionspecial2/07rCOVER.html,2007-10-07T04:00:00+0000,"Forests cover nearly 60 percent of New York, New Jersey and Connecticut, and there is no question that they will continue to exist. But what will they look like in the future?",Connecticut
Seeking Summer All Year,https://www.nytimes.com/2005/07/31/nyregion/nyregionspecial2/seeking-summer-all-year.html,2005-07-31T05:00:00+0000,"SUMMER is ripe in the modest seaside cottages here in Old Lyme: Soul-deep heat. Lazy lopes back to the house after a day in the sun. Porches cluttered with inflatable beach toys. Cheap charcoal grills in the grass. Italian ice. Carousel rides. A couple of rowdy bars but mostly just a gentle family tempo. And the evening light is perfect.     Naturally, when summer is over, not everyone will want to go home. The trouble, however, is that they have to, and not necessarily because they must return to school or work.  ",Connecticut
"Different Fight, Same Battleground",https://www.nytimes.com/2004/05/23/nyregion/different-fight-same-battleground.html,2004-05-23T05:00:00+0000,"Article on latest rift between Connecticut and Long Island over dredging of harbors on Connecticut side of Long Island Sound and how and where to dispose of muck; federal government, after five-year study, has picked two spots, one in Noroton and other in East Haven; Army Corps of Engineers project manager Mark Habel says agency, which has range of environmentally acceptable alternatives, has chosen least costly; photos (M)",Connecticut
Ferries in Alaska. Rail in Oregon. States Dream Big on Infrastructure Funds.,https://www.nytimes.com/2021/09/24/us/politics/infrastructure-bill-us-states.html,2021-09-24T09:00:29+0000,"The infrastructure bill could reshape priorities across the country, jump-starting critical projects that stalled over funding. These are some of the possibilities.",Connecticut
Tide of Humanity Alters Long Island Sound,https://www.nytimes.com/2003/05/25/nyregion/tide-of-humanity-alters-long-island-sound.html,2003-05-25T05:00:00+0000,"First of summerlong series of articles on evolving nature of Long Island Sound; there has been growing realization that Long Island Sound, ancient estuary extending 110 miles northeast from New York City to Rhode Island through densest population corridor in nation, has in a very real way become a human creation, where impact of civilization is complete; people have come to realize that sound would have to be managed for its own sake, and for region's; in economics, politics, culture and science, people took action, and nature responded; tiny sea plant called eelgrass, and group of families in Groton who unitentionally triggered its resurgence, play a part in story; management of nature, called environmental stewardship, is being applied in many places around world; photos; map (L)",Connecticut
Water Quality Is Still a Concern,https://www.nytimes.com/2002/09/22/nyregion/l-water-quality-is-still-a-concern-011185.html,2002-09-22T05:00:00+0000,"League of Women Voters of Connecticut drinking water specialist Cheryl Dunson letter praises effort in Branford, described in August 25 article, to clean up part of Long Island Sound",Connecticut
Not Enough Progress On Long Island Sound,https://www.nytimes.com/2006/09/17/opinion/nyregion/not-enough-progress-on-long-island-sound-854549.html,2006-09-17T05:00:00+0000,Save the Sound director Leah Schmalz letter on Tom Andersen's September 3 Op-Ed article on Connecticut's lack of commitment to clean up Long Island Sound,Connecticut
Not Enough Progress On Long Island Sound,https://www.nytimes.com/2006/09/17/opinion/nyregion/not-enough-progress-on-long-island-sound-854522.html,2006-09-17T05:00:00+0000,Save the Sound director Leah Schmalz letter on Tom Andersen's September 3 Op-Ed article on Connecticut's lack of commitment to clean up Long Island Sound,Connecticut
Not Enough Progress On Long Island Sound,https://www.nytimes.com/2006/09/17/opinion/nyregion/not-enough-progress-on-long-island-sound-854492.html,2006-09-17T05:00:00+0000,Save the Sound director Leah Schmalz letter on Tom Andersen's September 3 Op-Ed article on Connecticut's lack of commitment to clean up Long Island Sound,Connecticut
Weighing the Benefits Of Wind Power,https://www.nytimes.com/2006/11/12/opinion/nyregion/weighing-the-benefits-of-wind-power-703192.html,2006-11-12T05:00:00+0000,"Renewable Energy Long Island executive director Gordian Raacke, retired nuclear engineer Robert W Kupp and William C Ragals Jr letters on November 5 article about use of wind turbines",Connecticut
Weighing the Benefits Of Wind Power,https://www.nytimes.com/2006/11/12/opinion/nyregion/weighing-the-benefits-of-wind-power-703516.html,2006-11-12T05:00:00+0000,"Renewable Energy Long Island Executive director Gordian Raacke, retired nuclear engineer Robert W Kupp, William C Ragals Jr and Ted and Shirley Black letters on November 5 article about use of wind energy in New York metropolitan region",Connecticut
Weighing the Benefits Of Wind Power,https://www.nytimes.com/2006/11/12/opinion/nyregion/weighing-the-benefits-of-wind-power-691917.html,2006-11-12T05:00:00+0000,Renewable Energy Long Island executive director Gordian Raacke and retired nuclear engineer Robert W Kupp letters on November 5 article about use of wind turbines in New York metropolitan area,Connecticut
Not So Smart About Smart Growth; There Are Hidden Costs for Hospital Expansion (3 Letters),https://www.nytimes.com/2007/03/25/opinion/nyregionopinions/l25conn.html,2007-03-25T04:00:00+0000,Not So Smart.,Connecticut
"Congestion Pricing in Manhattan; Tired of Waiting
for Nutritious Food (3 Letters)",https://www.nytimes.com/2007/06/10/opinion/nyregionopinions/l10conn.html,2007-06-10T04:00:00+0000,Congestion Pricing.,Connecticut
"Too Many Planes, Too Much Noise; Not Enough Progress on Long Island Sound (2 Letters)",https://www.nytimes.com/2006/09/17/opinion/nyregionopinions/l17conn.html,2006-09-17T04:00:00+0000,"Too Many Planes,.",Connecticut
